,R²,RMSE,MAE,MAPE
Regressão Linear,1.0,0.0,0.0,0.0
Ridge,1.0,0.0,0.0,0.0
MLP Regressor,0.0,0.00993252059490593,0.007713320320535495,0.0008043086882727314
